allocator,path,variance,volatility,sharpe,cagr,max_drawdown,turnover,cost_drag
HRP,0,0.023313,0.152686,0.295915,0.034095,0.256345,0.885251,0.000916
HRP,1,0.02351,0.15333,0.281383,0.031889,0.26464,0.873917,0.000902
HRP,2,0.023521,0.153366,0.29628,0.034254,0.266062,0.865284,0.000895
HRP,3,0.0237,0.153947,0.301705,0.035205,0.257715,0.873483,0.000905
HRP,4,0.023359,0.152836,0.294306,0.033864,0.269273,0.858958,0.000889
HRP,5,0.023344,0.152787,0.297077,0.034293,0.248462,0.865734,0.000896
HRP,6,0.023419,0.153033,0.282269,0.031989,0.26752,0.873257,0.000902
HRP,7,0.023435,0.153083,0.296042,0.034174,0.25312,0.886167,0.000917
HRP,8,0.023334,0.152755,0.32388,0.038533,0.24642,0.878931,0.000913
CLA,0,0.016736,0.129368,0.320022,0.033583,0.226105,0.746832,0.000772
CLA,1,0.016763,0.129471,0.339582,0.036224,0.22364,0.746326,0.000774
CLA,2,0.016766,0.129484,0.335377,0.035663,0.226198,0.740429,0.000767
CLA,3,0.016779,0.129534,0.33652,0.035827,0.228298,0.748004,0.000775
CLA,4,0.016753,0.129433,0.338313,0.036046,0.228212,0.745862,0.000773
CLA,5,0.016761,0.129465,0.32364,0.034086,0.225065,0.752579,0.000779
CLA,6,0.016755,0.129441,0.330925,0.035057,0.223942,0.747862,0.000774
CLA,7,0.01676,0.129459,0.34413,0.036831,0.232185,0.739727,0.000767
CLA,8,0.016766,0.129485,0.322132,0.033889,0.225048,0.75193,0.000778
IVP,0,0.024352,0.156051,0.287583,0.033245,0.260808,0.726864,0.000751
IVP,1,0.024407,0.156226,0.288734,0.033455,0.260837,0.727442,0.000752
IVP,2,0.024429,0.156297,0.287296,0.033232,0.261003,0.727945,0.000752
IVP,3,0.024416,0.156257,0.28985,0.03364,0.259987,0.727103,0.000752
IVP,4,0.024416,0.156255,0.286955,0.033172,0.260261,0.727262,0.000752
IVP,5,0.024415,0.156252,0.287231,0.033216,0.260989,0.727008,0.000751
IVP,6,0.024404,0.156219,0.289253,0.033538,0.259713,0.727097,0.000752
IVP,7,0.024384,0.156153,0.287463,0.03324,0.260229,0.727533,0.000752
IVP,8,0.024382,0.156149,0.287522,0.033249,0.260488,0.72797,0.000753
1/N,0,0.025965,0.161136,0.28548,0.033573,0.272493,0.771877,0.000798
1/N,1,0.025965,0.161136,0.28548,0.033573,0.272493,0.771877,0.000798
1/N,2,0.025965,0.161136,0.28548,0.033573,0.272493,0.771877,0.000798
1/N,3,0.025965,0.161136,0.28548,0.033573,0.272493,0.771877,0.000798
1/N,4,0.025965,0.161136,0.28548,0.033573,0.272493,0.771877,0.000798
1/N,5,0.025965,0.161136,0.28548,0.033573,0.272493,0.771877,0.000798
1/N,6,0.025965,0.161136,0.28548,0.033573,0.272493,0.771877,0.000798
1/N,7,0.025965,0.161136,0.28548,0.033573,0.272493,0.771877,0.000798
1/N,8,0.025965,0.161136,0.28548,0.033573,0.272493,0.771877,0.000798
